anio,mun,Estratos,sexo,edad,total,total_low,total_upp,dim,NOMBRE
2015.0,2.0,Pobreza muy alta,Hombre,0-11,13181.0,106108632975000.0,157511367025000.0,Seguridad Social,Azcapotzalco
2015.0,2.0,Pobreza muy alta,Mujer,60 y mas,3228.0,258726100441000.0,386873899559000.0,Seguridad Social,Azcapotzalco
2015.0,2.0,Pobreza muy alta,Mujer,No especificado,9.0,-137456969874000.0,317456969874000.0,Seguridad Social,Azcapotzalco
2015.0,2.0,Pobreza alta,Hombre,60 y mas,1296.0,59438754344800.0,199761245655000.0,Seguridad Social,Azcapotzalco
2015.0,2.0,Pobreza alta,Mujer,60 y mas,2215.0,156398631849000.0,286601368151000.0,Seguridad Social,Azcapotzalco
2015.0,2.0,Satisfaccion mínima,Hombre,45-59,23316.0,200877448490000.0,265442551510000.0,Seguridad Social,Azcapotzalco
2015.0,2.0,Satisfaccion mínima,Mujer,0-11,16045.0,130512464210000.0,190387535790000.0,Seguridad Social,Azcapotzalco
2015.0,2.0,Satisfaccion mínima,Mujer,12-29,29781.0,258109535811000.0,337510464189000.0,Seguridad Social,Azcapotzalco
2015.0,2.0,Satisfaccion mínima,Mujer,30-44,29034.0,249103983741000.0,331576016259000.0,Seguridad Social,Azcapotzalco
2015.0,2.0,Satisfaccion mínima,Mujer,45-59,31162.0,267462437682000.0,355777562318000.0,Seguridad Social,Azcapotzalco
2015.0,2.0,Satisfaccion mínima,Mujer,60 y mas,34766.0,291844202160000.0,403475797840000.0,Seguridad Social,Azcapotzalco
2015.0,2.0,Satisfaccion mínima,Mujer,No especificado,77.0,-263564147874000.0,180356414787000.0,Seguridad Social,Azcapotzalco
2015.0,3.0,Pobreza muy alta,Hombre,12-29,41129.0,343167155787000.0,479412844213000.0,Seguridad Social,Coyoacán
2015.0,3.0,Pobreza muy alta,Hombre,45-59,23984.0,199375867624000.0,280304132376000.0,Seguridad Social,Coyoacán
2015.0,3.0,Pobreza alta,Mujer,No especificado,13.0,-119182505751000.0,379182505751000.0,Seguridad Social,Coyoacán
2015.0,3.0,Satisfaccion mínima,Hombre,0-11,18571.0,159953354497000.0,211466645503000.0,Seguridad Social,Coyoacán
2015.0,3.0,Satisfaccion mínima,Hombre,60 y mas,36230.0,308506054829000.0,416093945171000.0,Seguridad Social,Coyoacán
2015.0,3.0,Satisfaccion mínima,Mujer,12-29,36608.0,313025085940000.0,419134914060000.0,Seguridad Social,Coyoacán
2015.0,3.0,Satisfaccion mínima,Mujer,30-44,37374.0,320217948864000.0,427262051136000.0,Seguridad Social,Coyoacán
2015.0,3.0,Satisfaccion mínima,Mujer,60 y mas,51414.0,448384366635000.0,579895633365000.0,Seguridad Social,Coyoacán
2015.0,4.0,Pobreza muy alta,Hombre,30-44,13986.0,100929474075000.0,178790525925000.0,Seguridad Social,Cuajimalpa de Morelos
2015.0,4.0,Pobreza muy alta,Hombre,45-59,8611.0,620853011654000.0,110134698835000.0,Seguridad Social,Cuajimalpa de Morelos
2015.0,4.0,Pobreza muy alta,Mujer,No especificado,8.0,-130974840062000.0,290974840062000.0,Seguridad Social,Cuajimalpa de Morelos
2015.0,4.0,Pobreza alta,Hombre,60 y mas,281.0,126840997548000.0,435159002452000.0,Seguridad Social,Cuajimalpa de Morelos
2015.0,4.0,Satisfaccion mínima,Hombre,0-11,6561.0,491624568922000.0,820575431078000.0,Seguridad Social,Cuajimalpa de Morelos
2015.0,4.0,Satisfaccion mínima,Hombre,12-29,10488.0,776394776605000.0,132120522340000.0,Seguridad Social,Cuajimalpa de Morelos
2015.0,4.0,Satisfaccion mínima,Hombre,30-44,8013.0,579440721616000.0,102315927838000.0,Seguridad Social,Cuajimalpa de Morelos
2015.0,5.0,Pobreza muy alta,Hombre,30-44,64922.0,56943592924000.0,72900407076000.0,Seguridad Social,Gustavo A. Madero
2015.0,5.0,Pobreza muy alta,Mujer,12-29,81383.0,713251371791000.0,914408628209000.0,Seguridad Social,Gustavo A. Madero
2015.0,5.0,Pobreza muy alta,Mujer,45-59,42819.0,379302009010000.0,477077990990000.0,Seguridad Social,Gustavo A. Madero
2015.0,5.0,Pobreza muy alta,Mujer,60 y mas,12511.0,105805212662000.0,144414787338000.0,Seguridad Social,Gustavo A. Madero
2015.0,5.0,Pobreza alta,Hombre,60 y mas,4081.0,319339348083000.0,496860651917000.0,Seguridad Social,Gustavo A. Madero
2015.0,5.0,Satisfaccion mínima,Hombre,12-29,78012.0,68862136331500.0,87161863668500.0,Seguridad Social,Gustavo A. Madero
2015.0,5.0,Satisfaccion mínima,Hombre,60 y mas,64382.0,569078450603000.0,718561549397000.0,Seguridad Social,Gustavo A. Madero
2015.0,5.0,Satisfaccion mínima,Hombre,No especificado,153.0,559068304471000.0,300409316955000.0,Seguridad Social,Gustavo A. Madero
2015.0,5.0,Satisfaccion mínima,Mujer,0-11,43512.0,373989449118000.0,496250550882000.0,Seguridad Social,Gustavo A. Madero
2015.0,5.0,Satisfaccion mínima,Mujer,12-29,78405.0,701141182015000.0,866958817985000.0,Seguridad Social,Gustavo A. Madero
2015.0,5.0,Satisfaccion mínima,Mujer,30-44,69487.0,611070625234000.0,778669374766000.0,Seguridad Social,Gustavo A. Madero
2015.0,6.0,Pobreza muy alta,Hombre,0-11,14397.0,111441750337000.0,176498249663000.0,Seguridad Social,Iztacalco
2015.0,6.0,Pobreza muy alta,Hombre,No especificado,107.0,-108684221400000.0,322684221400000.0,Seguridad Social,Iztacalco
2015.0,6.0,Pobreza muy alta,Mujer,0-11,12945.0,101890491657000.0,157009508343000.0,Seguridad Social,Iztacalco
2015.0,6.0,Pobreza muy alta,Mujer,30-44,20047.0,16935073920700.0,23158926079300.0,Seguridad Social,Iztacalco
2015.0,6.0,Pobreza alta,Hombre,60 y mas,1286.0,62022438493800.0,195177561506000.0,Seguridad Social,Iztacalco
2015.0,6.0,Satisfaccion mínima,Hombre,30-44,20503.0,167347230129000.0,242712769871000.0,Seguridad Social,Iztacalco
2015.0,6.0,Satisfaccion mínima,Hombre,45-59,20450.0,170767833609000.0,238232166391000.0,Seguridad Social,Iztacalco
2015.0,7.0,Pobreza muy alta,Hombre,0-11,105080.0,935786856826000.0,116581314317000.0,Seguridad Social,Iztapalapa
2015.0,7.0,Pobreza muy alta,Hombre,12-29,166686.0,152802588739000.0,180569411261000.0,Seguridad Social,Iztapalapa
2015.0,7.0,Pobreza muy alta,Hombre,45-59,70330.0,647703598511000.0,758896401489000.0,Seguridad Social,Iztapalapa
2015.0,7.0,Pobreza muy alta,Mujer,0-11,97279.0,883774446799000.0,106180555320000.0,Seguridad Social,Iztapalapa
2015.0,7.0,Pobreza muy alta,Mujer,12-29,162968.0,14992354810400.0,17601245189600.0,Seguridad Social,Iztapalapa
2015.0,7.0,Pobreza muy alta,Mujer,No especificado,347.0,642813016773000.0,629718698323000.0,Seguridad Social,Iztapalapa
2015.0,7.0,Pobreza alta,Hombre,No especificado,9.0,-101192253329000.0,281192253329000.0,Seguridad Social,Iztapalapa
2015.0,7.0,Pobreza alta,Mujer,60 y mas,10698.0,884681209674000.0,125491879033000.0,Seguridad Social,Iztapalapa
2015.0,7.0,Satisfaccion mínima,Hombre,0-11,61795.0,56325386726200.0,67264613273800.0,Seguridad Social,Iztapalapa
2015.0,7.0,Satisfaccion mínima,Hombre,60 y mas,69245.0,628938651762000.0,755961348238000.0,Seguridad Social,Iztapalapa
2015.0,7.0,Satisfaccion mínima,Mujer,12-29,107187.0,984653964772000.0,115908603523000.0,Seguridad Social,Iztapalapa
2015.0,7.0,Satisfaccion mínima,Mujer,30-44,98842.0,918501921211000.0,105833807879000.0,Seguridad Social,Iztapalapa
2015.0,7.0,Satisfaccion mínima,Mujer,60 y mas,88658.0,793613696857000.0,979546303143000.0,Seguridad Social,Iztapalapa
2015.0,8.0,Pobreza muy alta,Hombre,30-44,15249.0,123042342196000.0,181937657804000.0,Seguridad Social,La Magdalena Contreras
2015.0,8.0,Pobreza muy alta,Hombre,No especificado,25.0,-192583997912000.0,692583997912000.0,Seguridad Social,La Magdalena Contreras
2015.0,8.0,Pobreza muy alta,Mujer,12-29,19553.0,15512432752700.0,23593567247300.0,Seguridad Social,La Magdalena Contreras
2015.0,8.0,Pobreza muy alta,Mujer,45-59,9492.0,733843749936000.0,116455625006000.0,Seguridad Social,La Magdalena Contreras
2015.0,8.0,Pobreza alta,Hombre,No especificado,29.0,-179698574044000.0,759698574044000.0,Seguridad Social,La Magdalena Contreras
2015.0,8.0,Satisfaccion mínima,Hombre,45-59,10610.0,887489287752000.0,123451071225000.0,Seguridad Social,La Magdalena Contreras
2015.0,8.0,Satisfaccion mínima,Hombre,No especificado,21.0,-137143860352000.0,557143860352000.0,Seguridad Social,La Magdalena Contreras
2015.0,8.0,Satisfaccion mínima,Mujer,60 y mas,13442.0,111634748268000.0,157205251732000.0,Seguridad Social,La Magdalena Contreras
2015.0,8.0,Satisfaccion mínima,Mujer,No especificado,59.0,-250839848435000.0,120508398484000.0,Seguridad Social,La Magdalena Contreras
2015.0,9.0,Pobreza muy alta,Hombre,0-11,11382.0,779922492705000.0,149647750729000.0,Seguridad Social,Milpa Alta
2015.0,9.0,Pobreza muy alta,Mujer,12-29,16597.0,1153725634780.0,2165674365220.0,Seguridad Social,Milpa Alta
2015.0,9.0,Pobreza muy alta,Mujer,45-59,6707.0,468703307024000.0,872696692976000.0,Seguridad Social,Milpa Alta
2015.0,9.0,Pobreza muy alta,Mujer,60 y mas,2160.0,146989819600000.0,285010180400000.0,Seguridad Social,Milpa Alta
2015.0,9.0,Pobreza alta,Hombre,60 y mas,808.0,500574907883000.0,111542509212000.0,Seguridad Social,Milpa Alta
2015.0,9.0,Satisfaccion mínima,Hombre,30-44,3820.0,256809195874000.0,507190804126000.0,Seguridad Social,Milpa Alta
2015.0,9.0,Satisfaccion mínima,Hombre,60 y mas,2736.0,18055822617000.0,36664177383000.0,Seguridad Social,Milpa Alta
2015.0,9.0,Satisfaccion mínima,Hombre,No especificado,9.0,-940172256688000.0,274017225669000.0,Seguridad Social,Milpa Alta
2015.0,10.0,Pobreza muy alta,Hombre,0-11,29795.0,260037096350000.0,335862903650000.0,Seguridad Social,Álvaro Obregón
2015.0,10.0,Pobreza muy alta,Hombre,12-29,57932.0,497966371939000.0,660673628061000.0,Seguridad Social,Álvaro Obregón
2015.0,10.0,Pobreza muy alta,Hombre,45-59,28640.0,245045096173000.0,327754903827000.0,Seguridad Social,Álvaro Obregón
2015.0,10.0,Pobreza muy alta,Mujer,30-44,45204.0,379176745641000.0,524903254359000.0,Seguridad Social,Álvaro Obregón
2015.0,10.0,Pobreza muy alta,Mujer,No especificado,87.0,-260934307235000.0,200093430723000.0,Seguridad Social,Álvaro Obregón
2015.0,10.0,Pobreza alta,Hombre,60 y mas,2030.0,144803860884000.0,261196139116000.0,Seguridad Social,Álvaro Obregón
2015.0,10.0,Pobreza alta,Hombre,No especificado,17.0,-202628357627000.0,542628357627000.0,Seguridad Social,Álvaro Obregón
2015.0,10.0,Pobreza alta,Mujer,60 y mas,3279.0,238225771044000.0,417574228956000.0,Seguridad Social,Álvaro Obregón
2015.0,10.0,Satisfaccion mínima,Hombre,0-11,27985.0,239109323368000.0,320590676632000.0,Seguridad Social,Álvaro Obregón
2015.0,10.0,Satisfaccion mínima,Mujer,0-11,29636.0,245211789266000.0,347508210734000.0,Seguridad Social,Álvaro Obregón
2015.0,11.0,Pobreza muy alta,Hombre,30-44,24010.0,208282028981000.0,271917971019000.0,Seguridad Social,Tláhuac
2015.0,11.0,Pobreza muy alta,Hombre,60 y mas,3819.0,280608720899000.0,483191279101000.0,Seguridad Social,Tláhuac
2015.0,11.0,Pobreza muy alta,Mujer,45-59,15666.0,127939536778000.0,185380463222000.0,Seguridad Social,Tláhuac
2015.0,11.0,Pobreza muy alta,Mujer,60 y mas,4645.0,345251733359000.0,583748266641000.0,Seguridad Social,Tláhuac
2015.0,11.0,Pobreza muy alta,Mujer,No especificado,42.0,-162774320000000.0,100277432000000.0,Seguridad Social,Tláhuac
2015.0,11.0,Pobreza alta,Hombre,60 y mas,1461.0,983110137101000.0,193888986290000.0,Seguridad Social,Tláhuac
2015.0,11.0,Pobreza alta,Mujer,60 y mas,2040.0,143899200808000.0,264100799192000.0,Seguridad Social,Tláhuac
2015.0,11.0,Satisfaccion mínima,Hombre,60 y mas,11432.0,967565859354000.0,131883414065000.0,Seguridad Social,Tláhuac
2015.0,11.0,Satisfaccion mínima,Mujer,30-44,20055.0,175097241653000.0,226002758347000.0,Seguridad Social,Tláhuac
2015.0,11.0,Satisfaccion mínima,Mujer,45-59,18036.0,153632667213000.0,207087332787000.0,Seguridad Social,Tláhuac
2015.0,11.0,Satisfaccion mínima,Mujer,60 y mas,12607.0,107210777878000.0,144929222122000.0,Seguridad Social,Tláhuac
2015.0,12.0,Pobreza muy alta,Hombre,60 y mas,7489.0,64442375086200.0,85337624913800.0,Seguridad Social,Tlalpan
2015.0,12.0,Pobreza muy alta,Hombre,No especificado,46.0,-588316149768000.0,150831614977000.0,Seguridad Social,Tlalpan
2015.0,12.0,Pobreza muy alta,Mujer,12-29,58190.0,506776611874000.0,657023388126000.0,Seguridad Social,Tlalpan
2015.0,12.0,Pobreza muy alta,Mujer,45-59,27776.0,245532683874000.0,309987316126000.0,Seguridad Social,Tlalpan
2015.0,12.0,Pobreza muy alta,Mujer,60 y mas,8116.0,688228499634000.0,934971500366000.0,Seguridad Social,Tlalpan
2015.0,12.0,Pobreza muy alta,Mujer,No especificado,130.0,-328325375317000.0,263283253753000.0,Seguridad Social,Tlalpan
2015.0,12.0,Pobreza alta,Mujer,60 y mas,3325.0,276041218134000.0,388958781866000.0,Seguridad Social,Tlalpan
2015.0,12.0,Satisfaccion mínima,Mujer,12-29,37285.0,322986339881000.0,422713660119000.0,Seguridad Social,Tlalpan
2015.0,12.0,Satisfaccion mínima,Mujer,60 y mas,38804.0,331645707471000.0,444434292529000.0,Seguridad Social,Tlalpan
2015.0,12.0,Satisfaccion mínima,Mujer,No especificado,69.0,-165220715998000.0,154522071600000.0,Seguridad Social,Tlalpan
2015.0,13.0,Pobreza muy alta,Hombre,45-59,15239.0,12025408722300.0,18452591277700.0,Seguridad Social,Xochimilco
2015.0,13.0,Pobreza muy alta,Mujer,12-29,39725.0,296647915661000.0,497852084339000.0,Seguridad Social,Xochimilco
2015.0,13.0,Pobreza muy alta,Mujer,30-44,29122.0,222200710054000.0,360239289946000.0,Seguridad Social,Xochimilco
2015.0,13.0,Pobreza muy alta,Mujer,45-59,15533.0,123888884997000.0,186771115003000.0,Seguridad Social,Xochimilco
2015.0,13.0,Pobreza alta,Mujer,No especificado,16.0,-16277786821800.0,48277786821800.0,Seguridad Social,Xochimilco
2015.0,13.0,Satisfaccion mínima,Hombre,0-11,14150.0,101015275175000.0,181984724825000.0,Seguridad Social,Xochimilco
2015.0,13.0,Satisfaccion mínima,Hombre,45-59,17096.0,129536128236000.0,212383871764000.0,Seguridad Social,Xochimilco
2015.0,13.0,Satisfaccion mínima,Mujer,0-11,12696.0,945492817037000.0,159370718296000.0,Seguridad Social,Xochimilco
2015.0,13.0,Satisfaccion mínima,Mujer,30-44,22078.0,156701313849000.0,284858686151000.0,Seguridad Social,Xochimilco
2015.0,13.0,Satisfaccion mínima,Mujer,45-59,22166.0,169118838054000.0,274201161946000.0,Seguridad Social,Xochimilco
2015.0,13.0,Satisfaccion mínima,Mujer,60 y mas,18934.0,144105748839000.0,234574251161000.0,Seguridad Social,Xochimilco
2015.0,13.0,Satisfaccion mínima,Mujer,No especificado,47.0,-213797330619000.0,115379733062000.0,Seguridad Social,Xochimilco
2015.0,14.0,Pobreza muy alta,Hombre,No especificado,7.0,-106126445091000.0,246126445091000.0,Seguridad Social,Benito Juárez
2015.0,14.0,Pobreza muy alta,Mujer,12-29,21319.0,171990497327000.0,254389502673000.0,Seguridad Social,Benito Juárez
2015.0,14.0,Pobreza muy alta,Mujer,No especificado,16.0,-188722944149000.0,508722944149000.0,Seguridad Social,Benito Juárez
2015.0,14.0,Pobreza alta,Hombre,60 y mas,1138.0,172770705437000.0,210322929456000.0,Seguridad Social,Benito Juárez
2015.0,14.0,Pobreza alta,Hombre,No especificado,60.0,-59041433963300.0,179041433963000.0,Seguridad Social,Benito Juárez
2015.0,14.0,Pobreza alta,Mujer,60 y mas,2273.0,110483996204000.0,344116003796000.0,Seguridad Social,Benito Juárez
2015.0,14.0,Satisfaccion mínima,Hombre,12-29,24193.0,192003055491000.0,291856944509000.0,Seguridad Social,Benito Juárez
2015.0,14.0,Satisfaccion mínima,Hombre,30-44,30054.0,252926464522000.0,348153535478000.0,Seguridad Social,Benito Juárez
2015.0,14.0,Satisfaccion mínima,Hombre,No especificado,41.0,-238861384900000.0,105886138490000.0,Seguridad Social,Benito Juárez
2015.0,14.0,Satisfaccion mínima,Mujer,30-44,36202.0,299564631375000.0,424475368625000.0,Seguridad Social,Benito Juárez
2015.0,15.0,Pobreza muy alta,Hombre,45-59,22708.0,198990056369000.0,255169943631000.0,Seguridad Social,Cuauhtémoc
2015.0,15.0,Pobreza muy alta,Hombre,60 y mas,6579.0,458709022417000.0,857090977583000.0,Seguridad Social,Cuauhtémoc
2015.0,15.0,Pobreza muy alta,Hombre,No especificado,1.0,-105566416154000.0,305566416154000.0,Seguridad Social,Cuauhtémoc
2015.0,15.0,Pobreza muy alta,Mujer,0-11,18271.0,15116252143700.0,21425747856300.0,Seguridad Social,Cuauhtémoc
2015.0,15.0,Pobreza muy alta,Mujer,No especificado,9.0,-10840011074800.0,28840011074800.0,Seguridad Social,Cuauhtémoc
2015.0,15.0,Pobreza alta,Hombre,60 y mas,1813.0,12112100656000.0,24147899344000.0,Seguridad Social,Cuauhtémoc
2015.0,15.0,Satisfaccion mínima,Hombre,0-11,17428.0,137388854652000.0,211171145348000.0,Seguridad Social,Cuauhtémoc
2015.0,15.0,Satisfaccion mínima,Hombre,12-29,30797.0,249199143348000.0,366740856652000.0,Seguridad Social,Cuauhtémoc
2015.0,15.0,Satisfaccion mínima,Hombre,30-44,29757.0,24048127792000.0,35465872208000.0,Seguridad Social,Cuauhtémoc
2015.0,15.0,Satisfaccion mínima,Mujer,45-59,33523.0,27935991612200.0,39110008387800.0,Seguridad Social,Cuauhtémoc
2015.0,16.0,Pobreza muy alta,Hombre,12-29,22936.0,164971285313000.0,293748714687000.0,Seguridad Social,Miguel Hidalgo
2015.0,16.0,Pobreza muy alta,Mujer,12-29,22042.0,154926564020000.0,285913435980000.0,Seguridad Social,Miguel Hidalgo
2015.0,16.0,Pobreza muy alta,Mujer,45-59,13675.0,973130334420000.0,176186966558000.0,Seguridad Social,Miguel Hidalgo
2015.0,16.0,Pobreza alta,Mujer,60 y mas,1739.0,110591742703000.0,237208257297000.0,Seguridad Social,Miguel Hidalgo
2015.0,16.0,Satisfaccion mínima,Hombre,0-11,12677.0,83541370974000.0,169998629026000.0,Seguridad Social,Miguel Hidalgo
2015.0,17.0,Pobreza muy alta,Hombre,0-11,17064.0,133964597087000.0,207315402913000.0,Seguridad Social,Venustiano Carranza
2015.0,17.0,Pobreza muy alta,Hombre,60 y mas,4525.0,36362485716900.0,54137514283100.0,Seguridad Social,Venustiano Carranza
2015.0,17.0,Pobreza muy alta,Mujer,0-11,16429.0,129604071397000.0,198975928603000.0,Seguridad Social,Venustiano Carranza
2015.0,17.0,Pobreza alta,Hombre,60 y mas,1687.0,988884932346000.0,238511506765000.0,Seguridad Social,Venustiano Carranza
2015.0,17.0,Satisfaccion mínima,Hombre,30-44,21521.0,167278228831000.0,263141771169000.0,Seguridad Social,Venustiano Carranza
2015.0,17.0,Satisfaccion mínima,Mujer,12-29,26507.0,225170455261000.0,304969544739000.0,Seguridad Social,Venustiano Carranza
2015.0,17.0,Satisfaccion mínima,Mujer,60 y mas,33676.0,287770781777000.0,385749218223000.0,Seguridad Social,Venustiano Carranza
2015.0,2.0,Pobreza muy alta,Hombre,30-44,19705.0,165834304904000.0,228265695096000.0,Seguridad Social,Azcapotzalco
2015.0,2.0,Pobreza muy alta,Hombre,60 y mas,2824.0,21183377328100.0,35296622671900.0,Seguridad Social,Azcapotzalco
2015.0,2.0,Pobreza muy alta,Mujer,0-11,10414.0,851980558555000.0,123081944145000.0,Seguridad Social,Azcapotzalco
2015.0,2.0,Pobreza muy alta,Mujer,12-29,22749.0,189018077766000.0,265961922234000.0,Seguridad Social,Azcapotzalco
2015.0,2.0,Pobreza muy alta,Mujer,30-44,19150.0,160015384179000.0,222984615821000.0,Seguridad Social,Azcapotzalco
2015.0,2.0,Pobreza muy alta,Mujer,45-59,12814.0,105669548000000.0,150610452000000.0,Seguridad Social,Azcapotzalco
2015.0,2.0,Satisfaccion mínima,Hombre,0-11,16405.0,139290257184000.0,188809742816000.0,Seguridad Social,Azcapotzalco
2015.0,2.0,Satisfaccion mínima,Hombre,30-44,22779.0,190820963435000.0,264759036565000.0,Seguridad Social,Azcapotzalco
2015.0,2.0,Satisfaccion mínima,Hombre,No especificado,50.0,-266497889683000.0,126649788968000.0,Seguridad Social,Azcapotzalco
2015.0,3.0,Pobreza muy alta,Hombre,0-11,19973.0,162215387814000.0,237244612186000.0,Seguridad Social,Coyoacán
2015.0,3.0,Pobreza muy alta,Mujer,0-11,18767.0,153263135085000.0,222076864915000.0,Seguridad Social,Coyoacán
2015.0,3.0,Pobreza alta,Hombre,60 y mas,1903.0,144616420319000.0,235983579681000.0,Seguridad Social,Coyoacán
2015.0,3.0,Pobreza alta,Mujer,60 y mas,2969.0,22515718335700.0,36864281664300.0,Seguridad Social,Coyoacán
2015.0,3.0,Satisfaccion mínima,Hombre,No especificado,151.0,524078303431000.0,296759216966000.0,Seguridad Social,Coyoacán
2015.0,3.0,Satisfaccion mínima,Mujer,45-59,40568.0,352125888915000.0,459234111085000.0,Seguridad Social,Coyoacán
2015.0,3.0,Satisfaccion mínima,Mujer,No especificado,201.0,208154494486000.0,381184550551000.0,Seguridad Social,Coyoacán
2015.0,4.0,Pobreza muy alta,Hombre,0-11,11783.0,913646383821000.0,144295361618000.0,Seguridad Social,Cuajimalpa de Morelos
2015.0,4.0,Pobreza muy alta,Hombre,60 y mas,2568.0,180987999578000.0,332612000422000.0,Seguridad Social,Cuajimalpa de Morelos
2015.0,4.0,Pobreza muy alta,Mujer,0-11,10419.0,798626979722000.0,1285173020280.0,Seguridad Social,Cuajimalpa de Morelos
2015.0,4.0,Satisfaccion mínima,Hombre,45-59,7314.0,546136904310000.0,916663095690000.0,Seguridad Social,Cuajimalpa de Morelos
2015.0,4.0,Satisfaccion mínima,Hombre,60 y mas,5649.0,418032641456000.0,711767358544000.0,Seguridad Social,Cuajimalpa de Morelos
2015.0,4.0,Satisfaccion mínima,Hombre,No especificado,3.0,-209558564743000.0,809558564743000.0,Seguridad Social,Cuajimalpa de Morelos
2015.0,4.0,Satisfaccion mínima,Mujer,0-11,6470.0,464888310597000.0,829111689403000.0,Seguridad Social,Cuajimalpa de Morelos
2015.0,4.0,Satisfaccion mínima,Mujer,12-29,10786.0,804267402519000.0,135293259748000.0,Seguridad Social,Cuajimalpa de Morelos
2015.0,4.0,Satisfaccion mínima,Mujer,30-44,9889.0,731888960625000.0,124591103938000.0,Seguridad Social,Cuajimalpa de Morelos
2015.0,4.0,Satisfaccion mínima,Mujer,45-59,8474.0,644844742752000.0,104995525725000.0,Seguridad Social,Cuajimalpa de Morelos
2015.0,4.0,Satisfaccion mínima,Mujer,60 y mas,6789.0,486584640579000.0,871215359421000.0,Seguridad Social,Cuajimalpa de Morelos
2015.0,5.0,Pobreza muy alta,Hombre,12-29,83907.0,739751435537000.0,938388564463000.0,Seguridad Social,Gustavo A. Madero
2015.0,5.0,Pobreza muy alta,Hombre,No especificado,127.0,-367968830552000.0,290796883055000.0,Seguridad Social,Gustavo A. Madero
2015.0,5.0,Pobreza muy alta,Mujer,No especificado,190.0,561095412828000.0,323890458717000.0,Seguridad Social,Gustavo A. Madero
2015.0,5.0,Pobreza alta,Mujer,60 y mas,6622.0,533744449802000.0,790655550198000.0,Seguridad Social,Gustavo A. Madero
2015.0,5.0,Pobreza alta,Mujer,No especificado,26.0,-304377535883000.0,824377535883000.0,Seguridad Social,Gustavo A. Madero
2015.0,5.0,Satisfaccion mínima,Hombre,0-11,45001.0,385824869239000.0,514195130761000.0,Seguridad Social,Gustavo A. Madero
2015.0,5.0,Satisfaccion mínima,Hombre,30-44,53633.0,474488941809000.0,598171058191000.0,Seguridad Social,Gustavo A. Madero
2015.0,5.0,Satisfaccion mínima,Hombre,45-59,54465.0,482035823544000.0,607264176456000.0,Seguridad Social,Gustavo A. Madero
2015.0,5.0,Satisfaccion mínima,Mujer,45-59,74956.0,667451735245000.0,831668264755000.0,Seguridad Social,Gustavo A. Madero
2015.0,5.0,Satisfaccion mínima,Mujer,60 y mas,84332.0,755064823888000.0,931575176112000.0,Seguridad Social,Gustavo A. Madero
2015.0,5.0,Satisfaccion mínima,Mujer,No especificado,170.0,-202062966005000.0,360206296600000.0,Seguridad Social,Gustavo A. Madero
2015.0,6.0,Pobreza muy alta,Hombre,12-29,26800.0,222851293041000.0,313148706959000.0,Seguridad Social,Iztacalco
2015.0,6.0,Pobreza muy alta,Hombre,30-44,22230.0,186348115988000.0,258251884012000.0,Seguridad Social,Iztacalco
2015.0,6.0,Pobreza muy alta,Hombre,45-59,14715.0,127690669115000.0,166609330885000.0,Seguridad Social,Iztacalco
2015.0,6.0,Pobreza muy alta,Mujer,45-59,15624.0,130006431315000.0,182473568685000.0,Seguridad Social,Iztacalco
2015.0,6.0,Pobreza muy alta,Mujer,60 y mas,4369.0,33191567868800.0,54188432131200.0,Seguridad Social,Iztacalco
2015.0,6.0,Satisfaccion mínima,Hombre,0-11,13780.0,109086547157000.0,166513452843000.0,Seguridad Social,Iztacalco
2015.0,6.0,Satisfaccion mínima,Hombre,12-29,25294.0,208887081310000.0,296992918690000.0,Seguridad Social,Iztacalco
2015.0,6.0,Satisfaccion mínima,Hombre,60 y mas,19385.0,159179106801000.0,228520893199000.0,Seguridad Social,Iztacalco
2015.0,6.0,Satisfaccion mínima,Hombre,No especificado,31.0,-397078312766000.0,101707831277000.0,Seguridad Social,Iztacalco
2015.0,6.0,Satisfaccion mínima,Mujer,12-29,26289.0,224124553312000.0,301655446688000.0,Seguridad Social,Iztacalco
2015.0,6.0,Satisfaccion mínima,Mujer,45-59,27316.0,23604480336000.0,31027519664000.0,Seguridad Social,Iztacalco
2015.0,6.0,Satisfaccion mínima,Mujer,No especificado,221.0,-142803984911000.0,584803984911000.0,Seguridad Social,Iztacalco
2015.0,7.0,Pobreza muy alta,Hombre,60 y mas,20975.0,186066798382000.0,233433201618000.0,Seguridad Social,Iztapalapa
2015.0,7.0,Pobreza muy alta,Mujer,45-59,74284.0,682185426202000.0,803494573798000.0,Seguridad Social,Iztapalapa
2015.0,7.0,Pobreza alta,Hombre,60 y mas,5808.0,493648621214000.0,667951378786000.0,Seguridad Social,Iztapalapa
2015.0,7.0,Pobreza alta,Mujer,No especificado,105.0,-748000119483000.0,284800011948000.0,Seguridad Social,Iztapalapa
2015.0,7.0,Satisfaccion mínima,Hombre,No especificado,140.0,307288289219000.0,249271171078000.0,Seguridad Social,Iztapalapa
2015.0,7.0,Satisfaccion mínima,Mujer,0-11,56248.0,520845440440000.0,604114559560000.0,Seguridad Social,Iztapalapa
2015.0,7.0,Satisfaccion mínima,Mujer,45-59,96332.0,878936355094000.0,104770364491000.0,Seguridad Social,Iztapalapa
2015.0,7.0,Satisfaccion mínima,Mujer,No especificado,340.0,89186416877700.0,590813583122000.0,Seguridad Social,Iztapalapa
2015.0,8.0,Pobreza muy alta,Hombre,12-29,20104.0,165482948116000.0,236597051884000.0,Seguridad Social,La Magdalena Contreras
2015.0,8.0,Pobreza muy alta,Mujer,30-44,15004.0,118843016976000.0,181236983024000.0,Seguridad Social,La Magdalena Contreras
2015.0,8.0,Pobreza muy alta,Mujer,60 y mas,2634.0,204443821363000.0,322356178637000.0,Seguridad Social,La Magdalena Contreras
2015.0,8.0,Satisfaccion mínima,Hombre,0-11,9696.0,758094286226000.0,118110571377000.0,Seguridad Social,La Magdalena Contreras
2015.0,8.0,Satisfaccion mínima,Hombre,12-29,14426.0,11326014209100.0,17525985790900.0,Seguridad Social,La Magdalena Contreras
2015.0,8.0,Satisfaccion mínima,Mujer,30-44,14598.0,114921184695000.0,177038815305000.0,Seguridad Social,La Magdalena Contreras
2015.0,9.0,Pobreza muy alta,Hombre,12-29,17183.0,115990298930000.0,227669701070000.0,Seguridad Social,Milpa Alta
2015.0,9.0,Pobreza muy alta,Hombre,30-44,11081.0,762591678944000.0,145360832106000.0,Seguridad Social,Milpa Alta
2015.0,9.0,Pobreza muy alta,Hombre,45-59,6294.0,421733970275000.0,837066029725000.0,Seguridad Social,Milpa Alta
2015.0,9.0,Pobreza muy alta,Hombre,60 y mas,1959.0,138314891625000.0,253485108375000.0,Seguridad Social,Milpa Alta
2015.0,9.0,Pobreza muy alta,Mujer,30-44,12227.0,855485500712000.0,158991449929000.0,Seguridad Social,Milpa Alta
2015.0,9.0,Pobreza muy alta,Mujer,No especificado,7.0,-980468869085000.0,238046886908000.0,Seguridad Social,Milpa Alta
2015.0,9.0,Satisfaccion mínima,Hombre,0-11,2939.0,194111890242000.0,393688109758000.0,Seguridad Social,Milpa Alta
2015.0,9.0,Satisfaccion mínima,Hombre,45-59,3617.0,241611659561000.0,481788340439000.0,Seguridad Social,Milpa Alta
2015.0,9.0,Satisfaccion mínima,Mujer,0-11,2947.0,180596472846000.0,408803527154000.0,Seguridad Social,Milpa Alta
2015.0,9.0,Satisfaccion mínima,Mujer,12-29,5393.0,368483218577000.0,710116781423000.0,Seguridad Social,Milpa Alta
2015.0,9.0,Satisfaccion mínima,Mujer,45-59,4329.0,289978010803000.0,575821989197000.0,Seguridad Social,Milpa Alta
2015.0,10.0,Pobreza muy alta,Hombre,30-44,45369.0,382614298512000.0,524765701488000.0,Seguridad Social,Álvaro Obregón
2015.0,10.0,Pobreza muy alta,Hombre,60 y mas,8557.0,695650713081000.0,101574928692000.0,Seguridad Social,Álvaro Obregón
2015.0,10.0,Pobreza muy alta,Hombre,No especificado,18.0,-60554343390900.0,420554343391000.0,Seguridad Social,Álvaro Obregón
2015.0,10.0,Pobreza muy alta,Mujer,0-11,30483.0,251512076050000.0,358147923950000.0,Seguridad Social,Álvaro Obregón
2015.0,10.0,Pobreza muy alta,Mujer,45-59,28089.0,239317458519000.0,322462541481000.0,Seguridad Social,Álvaro Obregón
2015.0,10.0,Satisfaccion mínima,Hombre,12-29,44844.0,387280397764000.0,509599602236000.0,Seguridad Social,Álvaro Obregón
2015.0,10.0,Satisfaccion mínima,Hombre,30-44,40177.0,339280991606000.0,464259008394000.0,Seguridad Social,Álvaro Obregón
2015.0,10.0,Satisfaccion mínima,Hombre,60 y mas,34624.0,307093755459000.0,385386244541000.0,Seguridad Social,Álvaro Obregón
2015.0,10.0,Satisfaccion mínima,Hombre,No especificado,152.0,-300694525596000.0,33406945256000.0,Seguridad Social,Álvaro Obregón
2015.0,10.0,Satisfaccion mínima,Mujer,60 y mas,44280.0,390422624875000.0,495177375125000.0,Seguridad Social,Álvaro Obregón
2015.0,10.0,Satisfaccion mínima,Mujer,No especificado,160.0,366839700516000.0,316331602995000.0,Seguridad Social,Álvaro Obregón
2015.0,11.0,Pobreza muy alta,Hombre,12-29,34204.0,295121014029000.0,388958985971000.0,Seguridad Social,Tláhuac
2015.0,11.0,Pobreza muy alta,Hombre,45-59,13582.0,112912247931000.0,158727752069000.0,Seguridad Social,Tláhuac
2015.0,11.0,Pobreza muy alta,Hombre,No especificado,69.0,-156818919557000.0,153681891956000.0,Seguridad Social,Tláhuac
2015.0,11.0,Pobreza muy alta,Mujer,12-29,33787.0,297149557200000.0,378590442800000.0,Seguridad Social,Tláhuac
2015.0,11.0,Satisfaccion mínima,Hombre,12-29,21261.0,180722625332000.0,244497374668000.0,Seguridad Social,Tláhuac
2015.0,11.0,Satisfaccion mínima,Hombre,30-44,15598.0,135375634334000.0,176584365666000.0,Seguridad Social,Tláhuac
2015.0,11.0,Satisfaccion mínima,Mujer,12-29,22890.0,19082639649800.0,26697360350200.0,Seguridad Social,Tláhuac
2015.0,12.0,Pobreza muy alta,Hombre,0-11,35185.0,29670580977700.0,40699419022300.0,Seguridad Social,Tlalpan
2015.0,12.0,Pobreza muy alta,Hombre,12-29,57662.0,505056211046000.0,648183788954000.0,Seguridad Social,Tlalpan
2015.0,12.0,Pobreza muy alta,Hombre,30-44,44134.0,391852528967000.0,490827471033000.0,Seguridad Social,Tlalpan
2015.0,12.0,Pobreza muy alta,Hombre,45-59,25049.0,217484914221000.0,283495085779000.0,Seguridad Social,Tlalpan
2015.0,12.0,Pobreza muy alta,Mujer,0-11,34855.0,297113142288000.0,399986857712000.0,Seguridad Social,Tlalpan
2015.0,12.0,Pobreza alta,Hombre,60 y mas,2131.0,166377633307000.0,259822366693000.0,Seguridad Social,Tlalpan
2015.0,12.0,Pobreza alta,Hombre,No especificado,31.0,-764419398515000.0,696441939852000.0,Seguridad Social,Tlalpan
2015.0,12.0,Satisfaccion mínima,Hombre,30-44,31395.0,269988026064000.0,357911973936000.0,Seguridad Social,Tlalpan
2015.0,12.0,Satisfaccion mínima,Hombre,45-59,29329.0,257631150528000.0,328948849472000.0,Seguridad Social,Tlalpan
2015.0,12.0,Satisfaccion mínima,Mujer,30-44,38181.0,333599254206000.0,430020745794000.0,Seguridad Social,Tlalpan
2015.0,12.0,Satisfaccion mínima,Mujer,45-59,38709.0,337168908392000.0,437011091608000.0,Seguridad Social,Tlalpan
2015.0,13.0,Pobreza muy alta,Hombre,30-44,28180.0,220434823210000.0,343165176790000.0,Seguridad Social,Xochimilco
2015.0,13.0,Pobreza muy alta,Hombre,60 y mas,4588.0,337433220071000.0,580166779929000.0,Seguridad Social,Xochimilco
2015.0,13.0,Pobreza muy alta,Mujer,0-11,25501.0,185886371753000.0,324133628247000.0,Seguridad Social,Xochimilco
2015.0,13.0,Pobreza muy alta,Mujer,60 y mas,4975.0,349664892586000.0,645335107414000.0,Seguridad Social,Xochimilco
2015.0,13.0,Pobreza muy alta,Mujer,No especificado,59.0,-239248262368000.0,141924826237000.0,Seguridad Social,Xochimilco
2015.0,13.0,Pobreza alta,Hombre,60 y mas,1376.0,793608098309000.0,19583919016900.0,Seguridad Social,Xochimilco
2015.0,13.0,Pobreza alta,Mujer,60 y mas,2137.0,13295274562900.0,29444725437100.0,Seguridad Social,Xochimilco
2015.0,13.0,Satisfaccion mínima,Hombre,60 y mas,15186.0,120167732026000.0,183552267974000.0,Seguridad Social,Xochimilco
2015.0,13.0,Satisfaccion mínima,Hombre,No especificado,132.0,-375505779819000.0,301550577982000.0,Seguridad Social,Xochimilco
2015.0,14.0,Pobreza muy alta,Hombre,0-11,8161.0,549862171545000.0,108233782845000.0,Seguridad Social,Benito Juárez
2015.0,14.0,Pobreza muy alta,Hombre,12-29,21442.0,16830678476400.0,26053321523600.0,Seguridad Social,Benito Juárez
2015.0,14.0,Pobreza muy alta,Hombre,30-44,23042.0,183002992723000.0,277837007277000.0,Seguridad Social,Benito Juárez
2015.0,14.0,Pobreza muy alta,Hombre,45-59,16734.0,124705656498000.0,209974343502000.0,Seguridad Social,Benito Juárez
2015.0,14.0,Pobreza muy alta,Hombre,60 y mas,5016.0,37959466453800.0,62360533546200.0,Seguridad Social,Benito Juárez
2015.0,14.0,Pobreza muy alta,Mujer,45-59,14557.0,111432291770000.0,179707708230000.0,Seguridad Social,Benito Juárez
2015.0,14.0,Satisfaccion mínima,Hombre,45-59,22194.0,183100711192000.0,260779288808000.0,Seguridad Social,Benito Juárez
2015.0,14.0,Satisfaccion mínima,Hombre,60 y mas,25145.0,21795201215200.0,28494798784800.0,Seguridad Social,Benito Juárez
2015.0,14.0,Satisfaccion mínima,Mujer,0-11,12817.0,102040642998000.0,154299357002000.0,Seguridad Social,Benito Juárez
2015.0,14.0,Satisfaccion mínima,Mujer,12-29,25615.0,207363458399000.0,304936541601000.0,Seguridad Social,Benito Juárez
2015.0,14.0,Satisfaccion mínima,Mujer,60 y mas,40948.0,348818189649000.0,470141810351000.0,Seguridad Social,Benito Juárez
2015.0,14.0,Satisfaccion mínima,Mujer,No especificado,23.0,-231976558007000.0,691976558007000.0,Seguridad Social,Benito Juárez
2015.0,15.0,Pobreza muy alta,Hombre,0-11,17909.0,148238547248000.0,209941452752000.0,Seguridad Social,Cuauhtémoc
2015.0,15.0,Pobreza muy alta,Mujer,12-29,38516.0,32465326544500.0,44566673455500.0,Seguridad Social,Cuauhtémoc
2015.0,15.0,Pobreza muy alta,Mujer,30-44,33648.0,280552961973000.0,392407038027000.0,Seguridad Social,Cuauhtémoc
2015.0,15.0,Pobreza muy alta,Mujer,45-59,20750.0,171514546207000.0,243485453793000.0,Seguridad Social,Cuauhtémoc
2015.0,15.0,Pobreza alta,Mujer,60 y mas,3249.0,257625314991000.0,392174685009000.0,Seguridad Social,Cuauhtémoc
2015.0,15.0,Satisfaccion mínima,Hombre,60 y mas,25123.0,209765064655000.0,292694935345000.0,Seguridad Social,Cuauhtémoc
2015.0,15.0,Satisfaccion mínima,Hombre,No especificado,56.0,-81437127082700.0,120143712708000.0,Seguridad Social,Cuauhtémoc
2015.0,15.0,Satisfaccion mínima,Mujer,12-29,32243.0,269534355140000.0,375325644860000.0,Seguridad Social,Cuauhtémoc
2015.0,15.0,Satisfaccion mínima,Mujer,30-44,35672.0,290882168354000.0,422557831646000.0,Seguridad Social,Cuauhtémoc
2015.0,15.0,Satisfaccion mínima,Mujer,60 y mas,38771.0,324580653352000.0,450839346648000.0,Seguridad Social,Cuauhtémoc
2015.0,16.0,Pobreza muy alta,Hombre,0-11,10765.0,703065024701000.0,144993497530000.0,Seguridad Social,Miguel Hidalgo
2015.0,16.0,Pobreza muy alta,Hombre,No especificado,41.0,-278328251512000.0,109832825151000.0,Seguridad Social,Miguel Hidalgo
2015.0,16.0,Satisfaccion mínima,Hombre,12-29,18373.0,114119416467000.0,253340583533000.0,Seguridad Social,Miguel Hidalgo
2015.0,16.0,Satisfaccion mínima,Hombre,30-44,22864.0,14764960594800.0,30963039405200.0,Seguridad Social,Miguel Hidalgo
2015.0,16.0,Satisfaccion mínima,Hombre,60 y mas,17920.0,140652316384000.0,217747683616000.0,Seguridad Social,Miguel Hidalgo
2015.0,16.0,Satisfaccion mínima,Mujer,12-29,21321.0,140974693586000.0,285445306414000.0,Seguridad Social,Miguel Hidalgo
2015.0,16.0,Satisfaccion mínima,Mujer,60 y mas,25621.0,195216831163000.0,317203168837000.0,Seguridad Social,Miguel Hidalgo
2015.0,17.0,Pobreza muy alta,Hombre,12-29,29464.0,238583046441000.0,350696953559000.0,Seguridad Social,Venustiano Carranza
2015.0,17.0,Pobreza muy alta,Hombre,45-59,17479.0,147406750691000.0,202173249309000.0,Seguridad Social,Venustiano Carranza
2015.0,17.0,Pobreza muy alta,Mujer,12-29,30057.0,245454730847000.0,355685269153000.0,Seguridad Social,Venustiano Carranza
2015.0,17.0,Pobreza muy alta,Mujer,45-59,17142.0,146856152925000.0,195983847075000.0,Seguridad Social,Venustiano Carranza
2015.0,17.0,Pobreza alta,Mujer,60 y mas,3162.0,239660849579000.0,392739150421000.0,Seguridad Social,Venustiano Carranza
2015.0,17.0,Satisfaccion mínima,Hombre,0-11,15071.0,12029250246200.0,18112749753800.0,Seguridad Social,Venustiano Carranza
2015.0,17.0,Satisfaccion mínima,Hombre,60 y mas,22147.0,188713171722000.0,254226828278000.0,Seguridad Social,Venustiano Carranza
2015.0,17.0,Satisfaccion mínima,Mujer,0-11,14025.0,112043500699000.0,168456499301000.0,Seguridad Social,Venustiano Carranza
2015.0,17.0,Satisfaccion mínima,Mujer,45-59,27548.0,238771550596000.0,312188449404000.0,Seguridad Social,Venustiano Carranza
2015.0,2.0,Pobreza muy alta,Hombre,12-29,23704.0,198036900073000.0,276043099927000.0,Seguridad Social,Azcapotzalco
2015.0,2.0,Pobreza muy alta,Hombre,45-59,12411.0,101290352873000.0,146929647127000.0,Seguridad Social,Azcapotzalco
2015.0,2.0,Satisfaccion mínima,Hombre,12-29,26937.0,23517609614500.0,30356390385500.0,Seguridad Social,Azcapotzalco
2015.0,2.0,Satisfaccion mínima,Hombre,60 y mas,23436.0,195610644654000.0,273109355346000.0,Seguridad Social,Azcapotzalco
2015.0,3.0,Pobreza muy alta,Hombre,30-44,35289.0,304832588527000.0,400947411473000.0,Seguridad Social,Coyoacán
2015.0,3.0,Pobreza muy alta,Hombre,60 y mas,6797.0,538810189264000.0,820589810736000.0,Seguridad Social,Coyoacán
2015.0,3.0,Pobreza muy alta,Hombre,No especificado,1026.0,131745485080000.0,192025451492000.0,Seguridad Social,Coyoacán
2015.0,3.0,Pobreza muy alta,Mujer,12-29,41313.0,347032877995000.0,479227122005000.0,Seguridad Social,Coyoacán
2015.0,3.0,Pobreza muy alta,Mujer,30-44,36089.0,307058227515000.0,414721772485000.0,Seguridad Social,Coyoacán
2015.0,3.0,Pobreza muy alta,Mujer,45-59,24254.0,198873630514000.0,286206369486000.0,Seguridad Social,Coyoacán
2015.0,3.0,Pobreza muy alta,Mujer,60 y mas,8693.0,66585681458400.0,107274318542000.0,Seguridad Social,Coyoacán
2015.0,3.0,Pobreza muy alta,Mujer,No especificado,568.0,252975737529000.0,883024262471000.0,Seguridad Social,Coyoacán
2015.0,3.0,Pobreza alta,Hombre,No especificado,38.0,-381047891324000.0,114104789132000.0,Seguridad Social,Coyoacán
2015.0,3.0,Satisfaccion mínima,Hombre,12-29,36583.0,318411290052000.0,413248709948000.0,Seguridad Social,Coyoacán
2015.0,3.0,Satisfaccion mínima,Hombre,30-44,29834.0,260150422477000.0,336529577523000.0,Seguridad Social,Coyoacán
2015.0,3.0,Satisfaccion mínima,Hombre,45-59,28479.0,245464598785000.0,324115401215000.0,Seguridad Social,Coyoacán
2015.0,3.0,Satisfaccion mínima,Mujer,0-11,17915.0,155942139204000.0,202357860796000.0,Seguridad Social,Coyoacán
2015.0,4.0,Pobreza muy alta,Hombre,12-29,19578.0,145197379488000.0,246362620512000.0,Seguridad Social,Cuajimalpa de Morelos
2015.0,4.0,Pobreza muy alta,Mujer,12-29,18872.0,145097017269000.0,232342982731000.0,Seguridad Social,Cuajimalpa de Morelos
2015.0,4.0,Pobreza muy alta,Mujer,30-44,13877.0,105910964589000.0,171629035411000.0,Seguridad Social,Cuajimalpa de Morelos
2015.0,4.0,Pobreza muy alta,Mujer,45-59,9175.0,691671956404000.0,114332804360000.0,Seguridad Social,Cuajimalpa de Morelos
2015.0,4.0,Pobreza muy alta,Mujer,60 y mas,2601.0,164125253678000.0,356074746322000.0,Seguridad Social,Cuajimalpa de Morelos
2015.0,4.0,Pobreza alta,Mujer,60 y mas,614.0,300689157835000.0,927310842165000.0,Seguridad Social,Cuajimalpa de Morelos
2015.0,5.0,Pobreza muy alta,Hombre,0-11,47501.0,411104644000000.0,538915356000000.0,Seguridad Social,Gustavo A. Madero
2015.0,5.0,Pobreza muy alta,Hombre,45-59,44191.0,396287431971000.0,487532568029000.0,Seguridad Social,Gustavo A. Madero
2015.0,5.0,Pobreza muy alta,Hombre,60 y mas,10285.0,845835383930000.0,121116461607000.0,Seguridad Social,Gustavo A. Madero
2015.0,5.0,Pobreza muy alta,Mujer,0-11,44834.0,390404482439000.0,506275517561000.0,Seguridad Social,Gustavo A. Madero
2015.0,5.0,Pobreza muy alta,Mujer,30-44,65035.0,575638104088000.0,725061895912000.0,Seguridad Social,Gustavo A. Madero
2015.0,6.0,Pobreza muy alta,Hombre,60 y mas,3218.0,22253198963000.0,42106801037000.0,Seguridad Social,Iztacalco
2015.0,6.0,Pobreza muy alta,Mujer,12-29,26840.0,222847086566000.0,313952913434000.0,Seguridad Social,Iztacalco
2015.0,6.0,Pobreza muy alta,Mujer,No especificado,39.0,-266373043522000.0,104637304352000.0,Seguridad Social,Iztacalco
2015.0,6.0,Pobreza alta,Hombre,No especificado,35.0,-482285644729000.0,118228564473000.0,Seguridad Social,Iztacalco
2015.0,6.0,Pobreza alta,Mujer,60 y mas,1958.0,12225242865800.0,26934757134200.0,Seguridad Social,Iztacalco
2015.0,6.0,Satisfaccion mínima,Mujer,0-11,15191.0,124057384337000.0,179762615663000.0,Seguridad Social,Iztacalco
2015.0,6.0,Satisfaccion mínima,Mujer,30-44,26290.0,218881980955000.0,306918019045000.0,Seguridad Social,Iztacalco
2015.0,6.0,Satisfaccion mínima,Mujer,60 y mas,27639.0,230339025993000.0,322440974007000.0,Seguridad Social,Iztacalco
2015.0,7.0,Pobreza muy alta,Hombre,30-44,119671.0,109516328621000.0,129825671379000.0,Seguridad Social,Iztapalapa
2015.0,7.0,Pobreza muy alta,Hombre,No especificado,454.0,147256650388000.0,760743349612000.0,Seguridad Social,Iztapalapa
2015.0,7.0,Pobreza muy alta,Mujer,30-44,123621.0,113717542851000.0,133524457149000.0,Seguridad Social,Iztapalapa
2015.0,7.0,Pobreza muy alta,Mujer,60 y mas,25268.0,228394821348000.0,276965178652000.0,Seguridad Social,Iztapalapa
2015.0,7.0,Satisfaccion mínima,Hombre,12-29,102050.0,940813815136000.0,110018618486000.0,Seguridad Social,Iztapalapa
2015.0,7.0,Satisfaccion mínima,Hombre,30-44,76083.0,703468232010000.0,818191767990000.0,Seguridad Social,Iztapalapa
2015.0,7.0,Satisfaccion mínima,Hombre,45-59,73703.0,672890331835000.0,801169668165000.0,Seguridad Social,Iztapalapa
2015.0,8.0,Pobreza muy alta,Hombre,0-11,12130.0,946861556743000.0,147913844326000.0,Seguridad Social,La Magdalena Contreras
2015.0,8.0,Pobreza muy alta,Hombre,45-59,9269.0,75064449304000.0,110315550696000.0,Seguridad Social,La Magdalena Contreras
2015.0,8.0,Pobreza muy alta,Hombre,60 y mas,2408.0,160600055011000.0,320999944989000.0,Seguridad Social,La Magdalena Contreras
2015.0,8.0,Pobreza muy alta,Mujer,0-11,11941.0,927123114044000.0,146107688596000.0,Seguridad Social,La Magdalena Contreras
2015.0,8.0,Pobreza muy alta,Mujer,No especificado,48.0,-109903445579000.0,106990344558000.0,Seguridad Social,La Magdalena Contreras
2015.0,8.0,Pobreza alta,Hombre,60 y mas,796.0,297992558134000.0,129400744187000.0,Seguridad Social,La Magdalena Contreras
2015.0,8.0,Pobreza alta,Mujer,60 y mas,1009.0,607064976338000.0,14109350236600.0,Seguridad Social,La Magdalena Contreras
2015.0,8.0,Satisfaccion mínima,Hombre,30-44,11139.0,875820026836000.0,135197997316000.0,Seguridad Social,La Magdalena Contreras
2015.0,8.0,Satisfaccion mínima,Hombre,60 y mas,10274.0,859373331976000.0,119542666802000.0,Seguridad Social,La Magdalena Contreras
2015.0,8.0,Satisfaccion mínima,Mujer,0-11,8368.0,675228498105000.0,998371501895000.0,Seguridad Social,La Magdalena Contreras
2015.0,8.0,Satisfaccion mínima,Mujer,12-29,14855.0,122935507449000.0,174164492551000.0,Seguridad Social,La Magdalena Contreras
2015.0,8.0,Satisfaccion mínima,Mujer,45-59,13550.0,116681155735000.0,154318844265000.0,Seguridad Social,La Magdalena Contreras
2015.0,9.0,Pobreza muy alta,Hombre,No especificado,14.0,-571958856474000.0,33719588564700.0,Seguridad Social,Milpa Alta
2015.0,9.0,Pobreza muy alta,Mujer,0-11,11577.0,826668933099000.0,148873106690000.0,Seguridad Social,Milpa Alta
2015.0,9.0,Pobreza alta,Mujer,60 y mas,1196.0,781333544307000.0,16106664556900.0,Seguridad Social,Milpa Alta
2015.0,9.0,Satisfaccion mínima,Hombre,12-29,5094.0,32229666729300.0,69650333270700.0,Seguridad Social,Milpa Alta
2015.0,9.0,Satisfaccion mínima,Mujer,30-44,4342.0,276686989496000.0,591713010504000.0,Seguridad Social,Milpa Alta
2015.0,9.0,Satisfaccion mínima,Mujer,60 y mas,3128.0,207880171535000.0,417719828465000.0,Seguridad Social,Milpa Alta
2015.0,10.0,Pobreza muy alta,Mujer,12-29,55863.0,486374000815000.0,630885999185000.0,Seguridad Social,Álvaro Obregón
2015.0,10.0,Pobreza muy alta,Mujer,60 y mas,9391.0,754135590491000.0,112406440951000.0,Seguridad Social,Álvaro Obregón
2015.0,10.0,Satisfaccion mínima,Hombre,45-59,32203.0,284154349432000.0,359905650568000.0,Seguridad Social,Álvaro Obregón
2015.0,10.0,Satisfaccion mínima,Mujer,12-29,46255.0,400785038810000.0,524314961190000.0,Seguridad Social,Álvaro Obregón
2015.0,10.0,Satisfaccion mínima,Mujer,30-44,46716.0,398862358913000.0,535457641087000.0,Seguridad Social,Álvaro Obregón
2015.0,10.0,Satisfaccion mínima,Mujer,45-59,44583.0,387996138257000.0,503663861743000.0,Seguridad Social,Álvaro Obregón
2015.0,11.0,Pobreza muy alta,Hombre,0-11,20606.0,173868728718000.0,238251271282000.0,Seguridad Social,Tláhuac
2015.0,11.0,Pobreza muy alta,Mujer,0-11,21582.0,178209319764000.0,253430680236000.0,Seguridad Social,Tláhuac
2015.0,11.0,Pobreza muy alta,Mujer,30-44,25515.0,223180079563000.0,287119920437000.0,Seguridad Social,Tláhuac
2015.0,11.0,Satisfaccion mínima,Hombre,0-11,11385.0,951998741816000.0,132500125818000.0,Seguridad Social,Tláhuac
2015.0,11.0,Satisfaccion mínima,Hombre,45-59,14814.0,12425330461700.0,17202669538300.0,Seguridad Social,Tláhuac
2015.0,11.0,Satisfaccion mínima,Mujer,0-11,10960.0,894576676279000.0,12974233237200.0,Seguridad Social,Tláhuac
2015.0,12.0,Pobreza muy alta,Mujer,30-44,44643.0,395883063050000.0,496976936950000.0,Seguridad Social,Tlalpan
2015.0,12.0,Satisfaccion mínima,Hombre,0-11,20923.0,183621468676000.0,234838531324000.0,Seguridad Social,Tlalpan
2015.0,12.0,Satisfaccion mínima,Hombre,12-29,36251.0,311967140053000.0,413052859947000.0,Seguridad Social,Tlalpan
2015.0,12.0,Satisfaccion mínima,Hombre,60 y mas,29114.0,252766726875000.0,329513273125000.0,Seguridad Social,Tlalpan
2015.0,12.0,Satisfaccion mínima,Hombre,No especificado,111.0,669456500212000.0,215305434998000.0,Seguridad Social,Tlalpan
2015.0,12.0,Satisfaccion mínima,Mujer,0-11,21043.0,183252173057000.0,237607826943000.0,Seguridad Social,Tlalpan
2015.0,13.0,Pobreza muy alta,Hombre,0-11,24316.0,185646722992000.0,300673277008000.0,Seguridad Social,Xochimilco
2015.0,13.0,Pobreza muy alta,Hombre,12-29,39772.0,302907109238000.0,492532890762000.0,Seguridad Social,Xochimilco
2015.0,13.0,Pobreza muy alta,Hombre,No especificado,69.0,-344800248351000.0,172480024835000.0,Seguridad Social,Xochimilco
2015.0,13.0,Satisfaccion mínima,Hombre,12-29,21954.0,159469242528000.0,279610757472000.0,Seguridad Social,Xochimilco
2015.0,13.0,Satisfaccion mínima,Hombre,30-44,15869.0,118732867192000.0,198647132808000.0,Seguridad Social,Xochimilco
2015.0,13.0,Satisfaccion mínima,Mujer,12-29,21646.0,162113055547000.0,270806944453000.0,Seguridad Social,Xochimilco
2015.0,14.0,Pobreza muy alta,Mujer,0-11,8241.0,582239759087000.0,106596024091000.0,Seguridad Social,Benito Juárez
2015.0,14.0,Pobreza muy alta,Mujer,30-44,23598.0,195793890308000.0,276166109692000.0,Seguridad Social,Benito Juárez
2015.0,14.0,Pobreza muy alta,Mujer,60 y mas,5211.0,337005039728000.0,705194960272000.0,Seguridad Social,Benito Juárez
2015.0,14.0,Satisfaccion mínima,Hombre,0-11,14534.0,117601652565000.0,173078347435000.0,Seguridad Social,Benito Juárez
2015.0,14.0,Satisfaccion mínima,Mujer,45-59,29341.0,248800369988000.0,338019630012000.0,Seguridad Social,Benito Juárez
2015.0,15.0,Pobreza muy alta,Hombre,12-29,40849.0,349944709849000.0,467035290151000.0,Seguridad Social,Cuauhtémoc
2015.0,15.0,Pobreza muy alta,Hombre,30-44,34943.0,303479064214000.0,395380935786000.0,Seguridad Social,Cuauhtémoc
2015.0,15.0,Pobreza muy alta,Mujer,60 y mas,7680.0,596074742653000.0,939925257347000.0,Seguridad Social,Cuauhtémoc
2015.0,15.0,Pobreza alta,Hombre,No especificado,36.0,-565790989839000.0,128579098984000.0,Seguridad Social,Cuauhtémoc
2015.0,15.0,Satisfaccion mínima,Hombre,45-59,23480.0,196281901141000.0,273318098859000.0,Seguridad Social,Cuauhtémoc
2015.0,15.0,Satisfaccion mínima,Mujer,0-11,14361.0,111872019125000.0,175347980875000.0,Seguridad Social,Cuauhtémoc
2015.0,15.0,Satisfaccion mínima,Mujer,No especificado,83.0,212458822903000.0,144754117710000.0,Seguridad Social,Cuauhtémoc
2015.0,16.0,Pobreza muy alta,Hombre,30-44,21199.0,154087293755000.0,269892706245000.0,Seguridad Social,Miguel Hidalgo
2015.0,16.0,Pobreza muy alta,Hombre,45-59,14876.0,114055229873000.0,183464770127000.0,Seguridad Social,Miguel Hidalgo
2015.0,16.0,Pobreza muy alta,Hombre,60 y mas,6605.0,44589049250600.0,87510950749400.0,Seguridad Social,Miguel Hidalgo
2015.0,16.0,Pobreza muy alta,Mujer,0-11,10826.0,665970294199000.0,149922970580000.0,Seguridad Social,Miguel Hidalgo
2015.0,16.0,Pobreza muy alta,Mujer,30-44,21649.0,162787078251000.0,270192921749000.0,Seguridad Social,Miguel Hidalgo
2015.0,16.0,Pobreza muy alta,Mujer,60 y mas,8298.0,548049091547000.0,111155090845000.0,Seguridad Social,Miguel Hidalgo
2015.0,16.0,Pobreza muy alta,Mujer,No especificado,75.0,-190412282734000.0,169041228273000.0,Seguridad Social,Miguel Hidalgo
2015.0,16.0,Pobreza alta,Hombre,60 y mas,842.0,386212088793000.0,129778791121000.0,Seguridad Social,Miguel Hidalgo
2015.0,16.0,Pobreza alta,Mujer,No especificado,37.0,-243203473774000.0,983203473774000.0,Seguridad Social,Miguel Hidalgo
2015.0,16.0,Satisfaccion mínima,Hombre,45-59,16131.0,116706405045000.0,205913594955000.0,Seguridad Social,Miguel Hidalgo
2015.0,16.0,Satisfaccion mínima,Hombre,No especificado,127.0,-579000051199000.0,311900005120000.0,Seguridad Social,Miguel Hidalgo
2015.0,16.0,Satisfaccion mínima,Mujer,0-11,12592.0,77924503802200.0,173915496198000.0,Seguridad Social,Miguel Hidalgo
2015.0,16.0,Satisfaccion mínima,Mujer,30-44,26976.0,172582492287000.0,366937507713000.0,Seguridad Social,Miguel Hidalgo
2015.0,16.0,Satisfaccion mínima,Mujer,45-59,21750.0,151690391134000.0,283309608866000.0,Seguridad Social,Miguel Hidalgo
2015.0,16.0,Satisfaccion mínima,Mujer,No especificado,161.0,-136268452103000.0,458268452103000.0,Seguridad Social,Miguel Hidalgo
2015.0,17.0,Pobreza muy alta,Hombre,30-44,25872.0,215902011063000.0,301537988937000.0,Seguridad Social,Venustiano Carranza
2015.0,17.0,Pobreza muy alta,Mujer,30-44,24647.0,206433169665000.0,286506830335000.0,Seguridad Social,Venustiano Carranza
2015.0,17.0,Pobreza muy alta,Mujer,60 y mas,5698.0,44966115582100.0,68993884417900.0,Seguridad Social,Venustiano Carranza
2015.0,17.0,Satisfaccion mínima,Hombre,12-29,24468.0,211309893391000.0,278050106609000.0,Seguridad Social,Venustiano Carranza
2015.0,17.0,Satisfaccion mínima,Hombre,45-59,20203.0,172582089332000.0,231477910668000.0,Seguridad Social,Venustiano Carranza
2015.0,17.0,Satisfaccion mínima,Mujer,30-44,26718.0,219721123811000.0,314638876189000.0,Seguridad Social,Venustiano Carranza
